PX,Main,"Midblock Route","Side 1 Route","Side 2 Route","Activation Date",Latitude,Longitude,"Count Date",8HrVehVol,8HrPedVol
8,"JARVIS ST",,"DUNDAS ST E",,21-Jun-1928,43.657052,-79.374531,2015/04/13,18207,7458
15,"CHURCH ST",,"FRONT ST E","WELLINGTON ST E",24-Apr-1950,43.648513176,-79.373833537,2015/04/20,10467,7381
21,"DUNDAS ST E",,"CHURCH ST",,17-Dec-1952,43.656499,-79.377127,2015/04/13,13764,10302
31,"YONGE ST",,"KING ST",,03-Nov-1927,43.6491624,-79.377904,2015/01/22,13527,33938
36,"YONGE ST",,"DUNDAS ST",,04-Apr-1927,43.656326,-79.380912,2015/04/11,10925,34615
66,"DUNDAS ST W",,"BAY ST",,28-Jun-1928,43.655721,-79.383734,2015/04/13,16598,31918
71,"YORK ST",,"WELLINGTON ST W",,22-Jun-1928,43.6466383,-79.383007,2015/04/18,6498,6101
75,"UNIVERSITY AVE",,"YORK ST","FRONT ST W",14-Jun-1928,43.645291,-79.382476,2015/04/20,15386,19707
76,"UNIVERSITY AVE",,"WELLINGTON ST W",,17-Feb-1932,43.6464054,-79.384076,2015/04/20,18390,18152
77,"UNIVERSITY AVE",,"KING ST W",,15-Feb-1932,43.6476553,-79.384788,2015/01/22,19291,17345
81,"UNIVERSITY AVE",,"DUNDAS ST W",,28-Jun-1928,43.654812,-79.388484,2015/04/11,21879,12603
100,"BATHURST ST",,"EGLINTON AVE W",,01-Jan-1967,43.7009757,-79.425534,2015/04/11,20547,2504
134,"MOUNT PLEASANT RD",,"ST CLAIR AVE E",,23-May-1950,43.690374,-79.383288,2015/06/01,24433,582
156,"KINGSTON RD",,"WARDEN AVE",,31-Jan-1958,43.6877698,-79.270928,2015/05/06,12693,977
162,"KINGSTON RD",,"WOODBINE AVE",,09-Jun-1929,43.67394,-79.307902,2015/04/25,22781,1002
163,"KINGSTON RD",,"DUNDAS ST E","DIXON AVE",03-Mar-1953,43.669951,-79.311169,2015/04/11,8523,823
180,"DUNDAS ST W",,"OSSINGTON AVE",,09-Apr-1929,43.6493419,-79.42078,2015/04/11,11860,7315
181,"DUNDAS ST W",,"LANSDOWNE AVE",,14-Oct-1948,43.6501405,-79.439714,2015/04/11,13572,2756
183,"DUNDAS ST W",,"BROCK AVE",,17-Dec-1952,43.6498834,-79.435598,2015/04/08,10205,2094
185,"JANE ST",,"DUNDAS ST W",,31-Jan-1958,43.665693,-79.491175,2015/04/18,24731,1240
186,"DUNDAS ST W",,"RUNNYMEDE RD",,22-Oct-1948,43.665584,-79.482104,2015/04/18,17291,1249
188,"DUNDAS ST W",,"KEELE ST",,07-Apr-1928,43.6653881,-79.464561,2015/04/18,18937,4698
190,"DUFFERIN ST",,"DUNDAS ST W",,17-Nov-1948,43.6496233,-79.431438,2015/04/11,14442,5244
196,"DUNDAS ST W",,"BATHURST ST",,27-Aug-1953,43.652296,-79.406015,2015/04/11,15414,10194
198,"SIMCOE ST",,"ADELAIDE ST W",,13-May-1960,43.6486354,-79.386558,2015/08/31,7279,6248
201,"KING ST W",,"BATHURST ST",,15-Jun-1928,43.643904,-79.40267,2015/04/11,15742,9020
219,"CHAPLIN CRES",,"ROSELAWN AVE",,01-Jan-1967,43.7056982,-79.423936,2015/06/08,8121,751
248,"DUNDAS ST E",,"PARLIAMENT ST",,07-Apr-1939,43.6594438,-79.365987,2015/04/18,11666,6698
258,"DUNDAS ST E",,"SHERBOURNE ST",,21-Dec-1927,43.6583038,-79.371,2015/04/13,11697,5541
263,"FRONT ST W",,"SIMCOE ST","LOWER SIMCOE ST",13-May-1960,43.6447547,-79.384981,2015/06/16,11290,31351
265,"DUNDAS ST W",,"MC CAUL ST",,12-Feb-1952,43.654313,-79.391437,2015/04/13,10100,11071
268,"RICHMOND ST W",,"PETER ST",,14-Dec-1965,43.6484258,-79.393259,2015/08/18,9004,7477
270,"ADELAIDE ST W",,"PETER ST",,11-Dec-1963,43.6473011,-79.392799,2015/08/18,10387,9463
273,"SPADINA AVE",,"KING ST W",,14-Jun-1928,43.6454505,-79.395002,2015/01/22,18148,19438
277,"SPADINA AVE",,"DUNDAS ST W",,09-Sep-1929,43.6529371,-79.398015,2015/04/11,11107,26960
283,"DUNDAS ST E",,"COXWELL AVE",,28-Aug-1953,43.6686596,-79.3175222,2015/04/13,11544,1007
284,"DUNDAS ST E",,"WOODFIELD RD",,30-May-1955,43.6678271,-79.322316,2015/04/02,8142,834
285,"DUNDAS ST E",,"GREENWOOD AVE",,22-Jun-1954,43.6675767,-79.326601,2015/04/13,11219,1168
287,"DUNDAS ST E",,"JONES AVE",,23-Aug-1954,43.6661633,-79.334282,2015/04/02,12020,1377
288,"DUNDAS ST E",,"PAPE AVE",,30-May-1955,43.665391,-79.339234,2015/04/02,10320,1072
289,"DUNDAS ST E",,"CARLAW AVE",,17-Jan-1955,43.6648245,-79.341597,2015/04/13,13161,1241
290,"DUNDAS ST E",,"LOGAN AVE",,26-Oct-1955,43.663931,-79.343869,2015/04/07,9975,821
291,"DUNDAS ST E",,"BOULTON AVE",,26-Aug-1958,43.6631849,-79.348202,2015/04/02,9276,1155
292,"BROADVIEW AVE",,"DUNDAS ST E",,14-Oct-1948,43.6624456,-79.351357,2015/04/13,11422,2259
293,"DUNDAS ST E",,"RIVER ST",,13-Mar-1953,43.6611902,-79.358131,2015/04/13,14073,1407
294,"DANFORTH AVE",,"BROADVIEW AVE",,16-Jul-1928,43.6761964,-79.358828,2015/04/25,20973,10278
296,"BATHURST ST",,"QUEEN ST W",,15-Jun-1928,43.6471973,-79.403991,2015/04/11,14741,19595
297,"BATHURST ST",,"FRONT ST W",,27-Oct-1950,43.640732,-79.401378,2015/04/11,13833,2556
298,"BATHURST ST",,"RICHMOND ST W",,10-Mar-1961,43.646453,-79.403717,2015/08/18,11748,3918
300,"COLLEGE ST",,"BATHURST ST",,31-Jan-1928,43.656469,-79.407705,2015/04/11,14329,8776
303,"BATHURST ST",,"HARBORD ST",,09-Mar-1929,43.6615152,-79.409748,2015/04/18,15337,3012
305,"BATHURST ST",,"DUPONT ST",,06-Mar-1939,43.67314,-79.414344,2015/04/11,20173,1975
306,"BATHURST ST",,"NINA ST",,10-May-1949,43.6798123,-79.41699,2015/04/01,17065,840
307,"BATHURST ST",,"LONSDALE RD","CLAXTON BLVD",01-Jan-1955,43.687185,-79.419939,2015/04/07,17157,508
308,"BATHURST ST",,"BURTON RD","STRATHEARN RD",03-Apr-1960,43.6919174,-79.421873,2015/04/01,19676,345
310,"BATHURST ST",,"BRIAR HILL AVE",,01-Jan-1967,43.7079008,-79.427022,2015/04/01,20567,572
311,"BATHURST ST",,"VIEWMOUNT AVE",,09-Jun-1962,43.710496,-79.427686,2015/03/31,18617,924
312,"BATHURST ST",,"GLENCAIRN AVE",,10-Jan-1956,43.7123271,-79.428131,2015/04/11,15498,1482
313,"BATHURST ST",,"SHELBOURNE AVE",,22-Oct-1962,43.7159806,-79.428973,2015/03/31,19333,1139
314,"BATHURST ST",,"SARANAC BLVD",,18-Sep-1961,43.7230833,-79.430627,2015/03/31,17368,687
316,"BATHURST ST",,"RANEE AVE",,08-Apr-1970,43.7269581,-79.431513,2015/04/11,12621,666
317,"BATHURST ST",,"NEPTUNE DR",,31-Jan-1958,43.731534,-79.432603,2015/02/26,18391,991
320,"BATHURST ST",,"WILSON AVE",,14-Sep-1956,43.7373609,-79.434006,2015/03/28,25136,6296
321,"BLOOR ST W",,"BATHURST ST",,07-Apr-1928,43.665132,-79.411205,2015/04/11,15756,20464
327,"DUNDAS ST W",,"BLOOR ST W",,07-Mar-1928,43.6563079,-79.452406,2015/04/11,19755,5303
342,"DANFORTH AVE",,"CHESTER AVE",,06-Jan-1976,43.6775446,-79.351941,2015/05/12,10312,4132
343,"DANFORTH AVE",,"LOGAN AVE",,14-Jul-1928,43.6779704,-79.349668,2015/05/12,11526,6884
345,"DANFORTH AVE",,"PAPE AVE",,13-Jul-1928,43.6789035,-79.344862,2015/05/12,16303,13100
346,"DANFORTH AVE",,"JONES AVE",,19-Mar-1945,43.6798433,-79.340118,2015/05/12,13163,2832
347,"DANFORTH AVE",,"DONLANDS AVE",,19-Aug-1953,43.6804049,-79.33727,2015/05/07,13674,4429
348,"DANFORTH AVE",,"GREENWOOD AVE",,07-Dec-1928,43.6814824,-79.33234,2015/05/07,15446,3536
349,"DANFORTH AVE",,"COXWELL AVE",,07-Nov-1928,43.6833979,-79.323565,2015/05/07,19534,7267
351,"DANFORTH AVE",,"WOODBINE AVE",,07-Oct-1928,43.6856712,-79.312749,2015/04/25,21642,10131
352,"DANFORTH AVE",,"GLEDHILL AVE","PATRICIA DR",27-Jan-1953,43.6866856,-79.308555,2015/05/07,12852,1663
353,"MAIN ST",,"DANFORTH AVE",,07-May-1928,43.6881587,-79.301805,2015/05/09,15646,7102
355,"DANFORTH AVE",,"VICTORIA PARK AVE",,31-Jan-1958,43.6912366,-79.288311,2015/05/09,21459,5470
357,"DANFORTH AVE",,"DANFORTH RD",,03-Jan-1965,43.6936851,-79.277105,2015/05/09,10767,144
358,"DANFORTH AVE",,"WARDEN AVE",,01-Jan-1957,43.6943678,-79.273638,2015/05/06,16187,488
359,"DANFORTH AVE",,"BIRCHMOUNT RD",,31-Jan-1958,43.6969868,-79.26399,2015/05/09,10152,230
365,"GERRARD ST E",,"WOODBINE AVE",,01-Mar-1948,43.6808578,-79.31078,2015/04/25,19841,1784
373,"GERRARD ST E",,"LOGAN AVE",,05-May-1952,43.6670975,-79.345175,2015/07/30,9363,2688
375,"DANFORTH RD",,"KENNEDY RD",,02-Nov-1964,43.7147913,-79.260862,2015/04/23,11783,124
376,"DANFORTH RD",,"MACK AVE",,02-Mar-1965,43.7001729,-79.27272,2015/06/08,8898,164
378,"DANFORTH RD",,"BRIMLEY RD",,20-Sep-1960,43.7351797,-79.247409,2015/07/22,16913,265
380,"LAWRENCE AVE E",,"MCCOWAN RD",,11-Feb-1960,43.7555379,-79.245446,2015/05/02,28053,2239
384,"BATHURST ST",,"DAVENPORT RD",,28-Aug-1929,43.6766969,-79.415765,2015/04/11,20361,657
391,"OLD WESTON RD",,"DAVENPORT RD",,06-Dec-1959,43.6710913,-79.462297,2015/04/23,8478,144
392,"ST CLAIR AVE E",,"DANFORTH RD",,24-Oct-1961,43.7168627,-79.259873,2015/04/28,20947,371
394,"ROGERS RD",,"KEELE ST",,31-Jan-1958,43.6821633,-79.471576,2015/04/22,14539,2874
409,"LAWRENCE AVE E",,"WARDEN AVE",,31-Jan-1958,43.7453776,-79.29475,2015/05/06,36985,2352
410,"LAWRENCE AVE E",,"BIRCHMOUNT RD",,03-Feb-1969,43.7475,-79.28482,2015/07/29,30952,1165
417,"DANFORTH RD",,"BIRCHMOUNT RD",,16-Jul-1969,43.70704,-79.26811,2015/04/30,15487,960
418,"DANFORTH RD",,"WARDEN AVE",,31-Jan-1958,43.69726,-79.27481,2015/05/06,15485,385
423,"BATHURST ST",,"LAWRENCE AVE W",,09-Jun-1956,43.71929,-79.42976,2015/04/11,22429,3429
426,"DUFFERIN ST",,"LAWRENCE AVE W",,31-Jan-1958,43.71407,-79.4547,2015/09/17,30202,4568
446,"O CONNOR DR",,"WOODBINE AVE",,31-Jan-1958,43.70015,-79.31905,2015/04/25,31011,406
456,"EGLINTON AVE E",,"WARDEN AVE",,17-Nov-1955,43.72787,-79.28761,2015/05/06,35905,1947
477,"DANFORTH AVE",,"PLAYTER BLVD",,22-Dec-1976,43.67692,-79.35508,2015/05/12,9921,3294
480,"ST CLAIR AVE W",,"BATHURST ST",,27-Aug-1928,43.68314,-79.41828,2015/04/11,22508,7838
483,"DUNDAS ST W",,"CHESTNUT ST",,31-Dec-1964,43.65524,-79.38599,2015/04/13,10171,17916
489,"ST CLAIR AVE W",,"LANSDOWNE AVE",,30-Aug-1929,43.67628,-79.45058,2015/08/12,9082,3079
490,"ST CLAIR AVE W",,"CALEDONIA RD","CALEDONIA PARK RD",20-Oct-1948,43.67534,-79.45476,2015/04/23,17142,1496
491,"ST CLAIR AVE W",,"SILVERTHORN AVE","HOUNSLOW HEATH RD",18-Sep-1950,43.67421,-79.46,2015/04/23,9576,1341
492,"ST CLAIR AVE W",,"OLD WESTON RD",,31-Jul-1941,43.67353,-79.46302,2015/04/23,16915,2020
493,"ST CLAIR AVE W",,"KEELE ST","WESTON RD",21-Dec-1939,43.67254,-79.46762,2015/04/22,23692,3203
496,"DUNDAS ST W",,"SCARLETT RD",,31-Jan-1958,43.66552,-79.49919,2015/04/18,17517,320
505,"BATHURST ST",,"AVA RD",,01-Jan-1967,43.697953,-79.424341,2015/04/01,16511,282
506,"BATHURST ST",,"WARWICK AVE",,01-Jan-1967,43.69529,-79.42322,2015/04/01,15207,339
535,"STEELES AVE W",,"JANE ST",,24-Aug-1967,43.77549,-79.52168,2015/05/13,33610,1910
537,"KING ST W",,"NIAGARA ST",,12-Jan-1961,43.64292,-79.40767,2015/04/02,11450,2931
548,"QUEEN ST E",,"WOODBINE AVE",,25-Oct-1955,43.66878,-79.3058,2015/04/25,21648,5864
563,"THE QUEENSWAY",,"STEPHEN DR",,01-Jan-1957,43.63041,-79.48422,2015/01/15,19684,230
576,"KEELE ST",,"ANNETTE ST",,16-Oct-1952,43.66366,-79.46375,2015/04/21,17195,933
602,"STEELES AVE W",,"KEELE ST",,21-Feb-1968,43.781523,-79.494495,2015/05/13,39154,1414
605,"COLLEGE ST",,"DUFFERIN ST",,19-Nov-1948,43.6525538,-79.432536,2015/08/10,15553,3738
620,"DON MILLS RD",,"OVERLEA BLVD","GATEWAY BLVD",14-Jan-1978,43.7099841,-79.334385,2015/05/20,32000,6014
630,"WILSON AVE",,"WILSON HEIGHTS BLVD","TIPPET RD",31-Jan-1958,43.7345828,-79.4472,2015/04/07,19449,821
640,"DUNDAS ST W",,"SORAUREN AVE",,05-Apr-1969,43.6511963,-79.445285,2015/06/08,13636,608
660,"WOODBINE AVE",,"LUMSDEN AVE","MORTIMER AVE",31-Jan-1958,43.6927726,-79.315855,2015/04/25,16749,1158
670,"BATHURST ST",,"INVERMAY AVE",,29-Dec-1965,43.7414973,-79.43502,2015/04/07,15664,748
671,"BATHURST ST",,"YORK DOWNS DR",,18-Nov-1958,43.7472416,-79.436456,2015/03/23,18000,462
673,"BATHURST ST","335m SOUTH OF","ELLERSLIE AVE","PRIVATE ACCESS",27-Jul-1961,43.7624442,-79.440171,2015/04/01,12940,935
674,"BATHURST ST",,"HORSHAM AVE","BLUE FLAG GT",01-Jun-1965,43.7686039,-79.441657,2015/03/23,17483,170
675,"BATHURST ST",,"FINCH AVE W",,20-Mar-1962,43.7738567,-79.442978,2015/03/28,30852,3320
676,"BATHURST ST",,"DREWRY AVE","ANTIBES DR",08-Oct-1966,43.7810687,-79.44481,2015/03/23,25127,1614
677,"BATHURST ST",,"ROCKFORD RD","DEWLANE DR",29-Dec-1966,43.785938,-79.446008,2015/03/23,21721,1193
678,"STEELES AVE W",,"BATHURST ST",,02-Feb-1966,43.79245,-79.445714,2015/03/23,36119,3202
681,"LAIRD DR",,"MCRAE DR","WICKSTEED AVE",01-Jan-1957,43.710376,-79.363498,2015/01/14,16676,431
689,"WARDEN AVE",,"FIRVALLEY CRT",,23-Dec-1965,43.70369,-79.27748,2015/05/06,8457,821
697,"ELLESMERE RD",,"MIDLAND AVE",,28-Dec-1965,43.76799,-79.27111,2015/07/16,31022,1667
699,"MCCOWAN RD",,"ELLESMERE RD",,31-Dec-1965,43.7722,-79.25149,2015/05/02,29600,1601
706,"DUNDAS ST W",,"ISLINGTON AVE",,31-Mar-1960,43.65141,-79.52639,2015/04/18,25246,625
721,"WESTON RD",,"MCCORMACK ST","PRIVATE ACCESS",18-Sep-1969,43.67725,-79.47187,2015/04/22,16442,270
729,"EGLINTON AVE W",,"KIPLING AVE",,01-Jan-1962,43.67725,-79.5509,2015/09/15,31302,1176
731,"KIPLING AVE",,"BELFIELD RD",,10-Jul-1968,43.70491,-79.56347,2015/05/19,20664,235
732,"REXDALE BLVD",,"KIPLING AVE",,31-Jan-1958,43.71173,-79.5667,2015/05/15,32041,1658
753,"LESLIE ST",,"401 C W LESLIE ST RAMP",,06-Mar-1968,43.76726,-79.36365,2015/05/20,36440,141
760,"WARDEN AVE",,"401 C W WARDEN AV RAMP",,22-Aug-1966,43.771566534,-79.304899276,2015/05/05,31051,14
761,"WARDEN AVE",,"401 C E WARDEN AV S RAMP",,06-Jul-1968,43.76903,-79.30366,2015/05/05,31679,13
765,"KIPLING AVE",,"EVANS AVE",,19-Jan-1961,43.61589,-79.52461,2015/05/20,27591,1056
769,"ST CLAIR AVE W",,"NORTHCLIFFE BLVD",,23-Jun-1981,43.67845,-79.44084,2015/08/12,7611,2837
777,"DUNDAS ST W",,"BURNHAMTHORPE RD","CORDOVA AVE",04-Jun-1959,43.6488,-79.52873,2015/04/18,15473,2256
781,"EGLINTON AVE W",,"ROYAL YORK RD",,01-Jan-1959,43.68232,-79.52656,2015/06/04,29589,564
790,"REXDALE BLVD",,"MARTIN GROVE RD",,12-Mar-1963,43.71388,-79.58106,2015/01/14,24168,299
814,"WILSON AVE",,"HWY 401 WB OFF RAMP",,23-Nov-1964,43.73662,-79.43785,2015/06/15,15426,655
818,"EASTERN AVE",,"LOGAN AVE",,10-Aug-1953,43.65787,-79.341377,2015/08/17,10832,609
824,"WOODBINE AVE",,"CORLEY AVE","EASTWOOD RD",14-Dec-1955,43.67648,-79.30894,2015/04/02,10426,698
831,"COLLEGE ST",,"LANSDOWNE AVE",,14-Oct-1948,43.651,-79.44002,2015/06/08,13586,2375
841,"DUPONT ST",,"CHRISTIE ST",,04-Jan-1946,43.67165,-79.42156,2015/09/08,15775,1568
845,"DUPONT ST",,"SYMINGTON AVE",,31-May-1950,43.66576,-79.45126,2015/04/22,13748,1529
860,"ST CLAIR AVE W",,"DEER PARK CRES",,18-Sep-1969,43.6873,-79.398,2015/08/24,11639,6520
888,"KIPLING AVE",,"KINGSVIEW BLVD",,26-Feb-1970,43.69694,-79.55984,2015/05/19,13903,310
903,"DUNDAS ST E",,"SUMACH ST",,14-Aug-1970,43.6607,-79.36046,2015/04/13,8486,1513
914,"WARDEN AVE",,"MANHATTAN DR",,12-Oct-1970,43.75196,-79.29739,2015/05/05,19109,230
918,"BATHURST ST",,"VESTA DR","RIDGE HILL DR",23-Dec-1970,43.7034,-79.4259,2015/04/01,15765,1016
938,"SHEPPARD AVE E",,"MCCOWAN RD",,14-Jul-1971,43.78964,-79.25883,2015/05/02,34425,2423
939,"MCCOWAN RD",,"401 C W MCCOWAN RD S RAMP",,21-Jul-1971,43.78272346,-79.25545156,2015/05/02,38670,206
940,"MCCOWAN RD",,"CONSILIUM PL","401 C E MCCOWAN RD RAMP",21-Jul-1971,43.7796,-79.254112,2015/05/02,34231,99
944,"DANFORTH AVE",,"MONARCH PARK AVE",,17-Nov-1971,43.6826,-79.32714,2015/05/07,11318,1972
950,"BURNHAMTHORPE RD",,"427 C S RATHBURN E RAMP",,29-Sep-1971,43.645080301,-79.565149937,2015/05/20,26578,147
951,"MCCOWAN RD",,"BRIMORTON DR",,15-Sep-1971,43.76544,-79.24894,2015/04/29,18068,319
959,"KENNEDY RD",,"WICKWARE GT","PRIVATE ACCESS",30-Dec-1971,43.75325,-79.27629,2015/08/05,19566,416
979,"BATHURST ST",,"CARSCADDEN DR","ELLERSLIE AVE",16-Jun-1972,43.76546,-79.44087,2015/03/23,18638,275
981,"BATHURST ST",,"BAYCREST AVE",,16-May-1973,43.72963,-79.43213,2015/03/31,18651,1584
996,"MCCOWAN RD",,"ST ANDREWS RD",,22-May-1973,43.76007,-79.246861,2015/04/29,15117,159
1034,"PHARMACY AVE",,"TEESDALE PL",,25-Jan-1974,43.69701,-79.28537,2015/06/15,5145,711
1035,"FINCH AVE E",,"WARDEN AVE",,05-Feb-1974,43.79683,-79.31576,2015/05/05,27622,5416
1048,"DANFORTH AVE",,"LINNSMORE CRES",,15-Jun-1974,43.68208,-79.32975,2015/05/07,9904,3348
1051,"KENNEDY RD",,"MERRIAN RD","PRIVATE ACCESS",06-May-1974,43.72742,-79.26589,2015/07/21,9064,1701
1057,"KENNEDY RD",,"BERTRAND AVE",,23-Jul-1974,43.73747,-79.27011,2015/07/23,14179,700
1068,"KEELE ST",,"JUNCTION RD",,18-Jul-1973,43.6679,-79.46554,2015/04/22,15871,333
1087,"ST CLAIR AVE W",,"LAUGHTON AVE",,12-Sep-1974,43.67476,-79.45767,2015/04/23,9478,1265
1117,"DUNDAS ST E",,"MUNRO ST",,08-Dec-1975,43.66209,-79.35307,2015/04/02,9504,764
1129,"BATHURST ST",,"LAURELCREST AVE","RAEBURN AVE",27-Jun-1974,43.74427,-79.43569,2015/03/23,16394,530
1155,"STEELES AVE W",,"NORFINCH DR","400 N FINCH W RAMP",21-Nov-1975,43.77336,-79.5318,2015/05/13,24513,218
1168,"BATHURST ST",,"CODSELL AVE",,17-Jun-1981,43.75867,-79.43924,2015/03/23,18845,224
1175,"MCCOWAN RD",,"CHANNEL NINE CRT","MILNER AVE",14-Jul-1976,43.78542,-79.25652,2015/04/29,33357,743
1176,"FINCH AVE E",,"MCCOWAN RD",,04-Aug-1976,43.80806,-79.26645,2015/05/02,20529,3724
1177,"FINCH AVE E",,"SANDHURST CRCL",,09-Jan-1978,43.80723,-79.27039,2015/06/01,15835,2056
1192,"STEELES AVE E",,"KENNEDY RD",,12-May-1975,43.82371,-79.30705,2015/05/23,36162,3170
1194,"BATHURST ST",,"BAINBRIDGE AVE","RAOUL WALLENBERG",18-Nov-1977,43.75077,-79.43733,2015/03/23,17288,485
1211,"KIPLING AVE",,"BETHRIDGE RD","PRIVATE ACCESS",21-Dec-1977,43.70916,-79.5655,2015/05/19,15334,267
1214,"STEELES AVE W",,"FOUNDERS RD",,19-Oct-1978,43.77927,-79.50432,2015/05/13,22202,233
1230,"STEELES AVE W",,"HIDDEN TRL","CONLEY ST",21-Dec-1979,43.7887,-79.46326,2015/05/13,23916,600
1232,"STEELES AVE W",,"SIGNET DR","WESTON RD",05-Mar-1976,43.77097,-79.54343,2015/05/13,19719,736
1243,"MCCOWAN RD",,"HUNTINGWOOD DR","MIDDLEFIELD RD",26-May-1976,43.798691,-79.262554,2015/05/02,22286,143
1256,"STEELES AVE W",,"KIPLING AVE",,21-Nov-1979,43.75963,-79.5899,2015/05/18,22401,1133
1260,"STEELES AVE E",,"MIDLAND AVE",,11-Jan-1978,43.82601,-79.29731,2015/05/23,21533,1735
1263,"WARDEN AVE",,"BRIDLETOWNE CRCL",,21-May-1980,43.801499443,-79.318739623,2015/05/05,16630,1286
1264,"STEELES AVE E",,"SILVER STAR BLVD","OLD KENNEDY RD",30-Jun-1975,43.82536,-79.30007,2015/05/02,26409,3283
1267,"DANFORTH AVE",,"WESTLAKE AVE",,10-Feb-1978,43.68747,-79.3051,2015/05/07,11931,1366
1281,"DANFORTH AVE",,"EAST LYNN AVE","WOODMOUNT AVE",16-Jun-1980,43.68517,-79.31525,2015/05/07,10799,3094
1287,"WARDEN AVE",,"MCNICOLL AVE",,15-Jul-1980,43.80637,-79.32095,2015/05/05,24583,817
1294,"PHARMACY AVE",,"DENTON AVE",,29-Jun-1978,43.6939424,-79.2840684,2015/06/15,5109,833
1304,"DAVENPORT RD",,"SYMINGTON AVE",,07-Jun-1979,43.67074,-79.45323,2015/04/23,9648,898
1305,"DUNDAS ST W",,"RONCESVALLES AVE",,29-Dec-1975,43.65388,-79.45181,2015/04/11,8966,2818
1350,"DUNDAS ST W",,"AUKLAND RD",,21-Nov-1980,43.63853,-79.538,2015/05/20,23209,1458
1356,"MCCOWAN RD",,"BUSHBY DR","TOWN CENTRE CRT",10-May-1984,43.77469,-79.2523,2015/05/02,22382,1082
1363,"STEELES AVE E",,"BIRCHMOUNT RD",,09-Sep-1980,43.82142,-79.31693,2015/05/23,27991,574
1370,"ROYAL YORK RD","45m NORTH OF","STRATH HUMBER CRT","PRIVATE ACCESS",27-Sep-1977,43.66182,-79.51777,2015/06/04,13594,413
1372,"MCCOWAN RD",,"SANDHURST CRCL",,17-May-1984,43.811645,-79.269196,2015/05/04,15557,1466
1377,"WARDEN AVE",,"ASHTONBEE RD",,12-Jun-1976,43.73072,-79.28876,2015/05/06,23270,983
1380,"FINCH AVE E",,"SANDHURST CRCL",,02-Feb-1983,43.80887,-79.26276,2015/06/08,12405,332
1383,"STEELES AVE W",,"PETROLIA RD","TANDEM RD",31-May-1984,43.7826,-79.49012,2015/05/13,27549,484
1396,"KENNEDY RD",,"PASSMORE AVE","PURCELL SQ",08-Dec-1981,43.818461,-79.304727,2015/05/23,20817,496
1398,"MCCOWAN RD",,"SANDHURST CRCL",,09-Mar-1981,43.80514,-79.26531,2015/04/30,16272,544
1399,"BATHURST ST",,"GREENWIN VILLAGE RD","PRIVATE ACCESS",17-Sep-1981,43.79084,-79.44537,2015/03/23,18326,1194
1404,"ST CLAIR AVE W",,"GUNNS RD","OLD STOCK YARDS RD",25-Nov-1981,43.6717778,-79.4711048,2015/04/22,13948,974
1414,"STEELES AVE W",,"BLACK HAWKWAY","NEW WESTMINSTER DR",20-Jan-1982,43.78988,-79.45762,2015/05/13,23038,709
1417,"FRONT ST W",,"JOHN ST","PRIVATE ACCESS",03-Mar-1982,43.64398,-79.38873,2015/04/20,9921,13919
1434,"WESTON RD",,"NORTHLAND AVE","PRIVATE ACCESS",13-Sep-1982,43.67895,-79.47408,2015/04/22,16934,446
1469,"WARDEN AVE",,"TOWER DR",,14-Oct-1983,43.754392,-79.298383,2015/05/05,19205,240
1475,"DANFORTH AVE",,"WOODINGTON AVE",,02-Jan-1984,43.68396,-79.32086,2015/05/07,10390,3336
1485,"MCCOWAN RD",,"TRITON RD",,22-Mar-1985,43.77555,-79.25266,2015/04/29,19540,233
1488,"ADELAIDE ST W",,"PORTLAND ST",,07-Nov-1985,43.64575,-79.4006,2015/08/26,7345,2694
1491,"STEELES AVE E",,"BRIMLEY RD",,10-Mar-1985,43.8283,-79.28718,2015/05/02,19874,869
1492,"STEELES AVE E",,"MCCOWAN RD",,31-Oct-1985,43.83107,-79.27516,2015/05/04,26842,1919
1493,"MCCOWAN RD",,"MCNICOLL AVE",,11-Jul-1985,43.817969,-79.271988,2015/05/04,23517,612
1507,"MCCOWAN RD",,"COMMANDER BLVD","PRIVATE ACCESS",21-Jan-1987,43.79615,-79.26149,2015/04/30,19373,154
1539,"MCCOWAN RD",,"ALTON TOWERS CRCL",,29-Oct-1987,43.82691,-79.27589,2015/05/04,13492,1060
1549,"DUNDAS ST W",,"ANNETTE ST","DUPONT ST",20-Dec-1948,43.6645,-79.45868,2015/08/17,13673,847
1564,"STEELES AVE W",,"CARPENTER RD","PRIVATE ACCESS",24-Nov-1988,43.79207,-79.44764,2015/05/13,19528,3356
1565,"MIDLAND AVE",,"COPTHORNE AVE","PASSMORE AVE",11-Oct-1988,43.82072,-79.29491,2015/05/23,13379,367
1570,"FINCH AVE W",,"KIPLING AVE",,11-Feb-1989,43.74329,-79.5821,2015/05/15,22468,5000
1572,"MCCOWAN RD",,"ALTON TOWERS CRCL",,26-Apr-1989,43.82252,-79.27397,2015/05/04,14230,726
1579,"SPADINA AVE",,"BREMNER BLVD",,28-May-1989,43.64054,-79.39294,2015/07/08,22600,8056
1594,"BATHURST ST",,"ULSTER ST",,12-Jul-1989,43.6598,-79.40904,2015/04/02,10369,1931
1611,"STEELES AVE W",,"IRONDALE DR","PEARCE RD",11-Jul-1990,43.76966,-79.5496,2015/05/13,17754,194
1621,"BATHURST ST",,"TICHESTER RD",,31-Jan-1991,43.68543,-79.41922,2015/04/01,17156,1127
1629,"CASTLEFIELD AVE",,"RONALD AVE",,07-Jul-1992,43.69894,-79.45942,2015/07/27,10128,172
1649,"WARDEN AVE","200m SOUTH OF","BAMBURGH CRCL",,22-Oct-1992,43.814367675,-79.324533194,2015/05/05,9826,965
1657,"WARDEN AVE",,"SHERWOOD AVE","PRIVATE ACCESS",02-Nov-1993,43.74226,-79.29346,2015/05/06,16276,149
1659,"KIPLING AVE",,"ANNABELLE DR","ROWNTREE RD",15-Jun-1993,43.75096,-79.58574,2015/05/15,10272,1568
1664,"DANFORTH AVE",,"BYNG AVE",,04-Nov-1993,43.6930384,-79.280102,2015/05/06,11703,826
1672,"STEELES AVE W",,"SHALE GT","CAPSTAN GT",30-Dec-1993,43.78327,-79.4873,2015/05/13,25173,336
1682,"WELLINGTON ST W",,"BLUE JAYS WAY",,29-Sep-1994,43.6447334,-79.3917762,2015/06/22,6090,7101
1692,"WARDEN AVE",,"CANADIAN RD","PRIVATE ACCESS",10-Dec-1995,43.7585,-79.30002,2015/05/05,22133,313
1711,"MCCOWAN RD","210m SOUTH OF","ALTON TOWERS CRCL",,29-Nov-1995,43.82508,-79.27514,2015/05/04,11373,850
1716,"KING ST W",,"TECUMSETH ST",,30-Aug-1995,43.64342,-79.40524,2015/09/30,9966,4831
1735,"STEELES AVE W",,"MURRAY ROSS PKWY","PRIVATE ACCESS",05-Mar-2000,43.77642,-79.51704,2015/05/13,22814,181
1745,"QUEEN ST W",,"SORAUREN AVE",,01-Oct-1996,43.63976,-79.44095,2015/06/09,7495,1527
1746,"KING ST E",,"SUMACH ST",,24-Oct-1996,43.65561,-79.3584,2015/08/17,6068,1153
1764,"STEELES AVE W",,"GERRY FITZGERALD DR","FUTURITY GATE",28-Jul-2004,43.78621,-79.47471,2015/05/13,24942,646
1765,"ROYAL YORK RD",,"EDENBRIDGE DR",,30-Oct-1997,43.67012,-79.52136,2015/06/04,12434,86
1793,"STEELES AVE W",,"HIGHWAY 27",,30-Jun-1998,43.75549,-79.61409,2015/05/15,33940,70
1794,"MCCOWAN RD",,"KENHATCH BLVD",,16-Jul-1998,43.80145,-79.26377,2015/04/30,14927,177
1808,"BATHURST ST",,"ROBINSON ST","CARR ST",29-Oct-1998,43.64893,-79.40465,2015/04/02,9841,2137
1811,"LAKE SHORE BLVD E",,"NORTHERN DANCER BLVD","PRIVATE ACCESS",18-Aug-1998,43.6634,-79.30969,2015/05/20,13170,390
1818,"ROYAL YORK RD",,"NEWCASTLE ST",,07-Aug-1999,43.61751,-79.49893,2015/01/06,8244,505
1850,"DANFORTH AVE",,"THYRA AVE","PRIVATE ACCESS",14-Jun-2000,43.69081,-79.29025,2015/05/07,12898,3440
1851,"KING ST W",,"SUDBURY ST","PRIVATE ACCESS",02-Jul-2000,43.64101,-79.41727,2015/08/24,10301,1835
1852,"DUNDAS ST W","275m EAST OF","ROYAL YORK RD","PRIVATE ACCESS",20-Jan-2000,43.659460348,-79.513578197,2015/04/18,16092,318
1855,"KIPLING AVE",,"LONGFIELD RD","THE KINGSWAY",07-Jun-2000,43.6736,-79.5493,2015/09/15,11307,313
1878,"DUNDAS ST W",,"MANNING AVE",,14-Nov-2000,43.65135,-79.41091,2015/04/08,8875,2028
1879,"THE QUEENSWAY",,"GLENDALE AVE",,31-Aug-2001,43.63932,-79.45129,2015/03/04,13888,555
1883,"BATHURST ST",,"ADELAIDE ST W",,09-Nov-2001,43.64521,-79.40321,2015/08/18,12296,1573
1889,"DANFORTH AVE","200m EAST OF","MAIN ST","PRIVATE ACCESS",02-Jun-2001,43.688678457,-79.299528301,2015/05/07,12920,3473
1905,"DUNDAS ST E",,"VICTORIA ST",,19-Sep-2002,43.6563,-79.37955,2015/04/13,8889,10912
1915,"STEELES AVE W","185m WEST OF","HIDDEN TRL","PRIVATE ACCESS",17-Jun-2003,43.78824,-79.46537,2015/05/13,24345,392
1919,"BATHURST ST",,"FORT YORK BLVD",,13-Aug-2002,43.63887,-79.40062,2015/04/12,11653,5808
1941,"COMSTOCK RD",,"LEBOVIC AVE",,19-Oct-2005,43.72071,-79.28872,2015/06/15,6961,101
1951,"LAKE SHORE BLVD E","224m WEST OF","WOODBINE AVE",,23-Dec-2002,43.66439,-79.30624,2015/05/20,11567,270
1969,"QUEEN ST W",,"PALMERSTON AVE","TECUMSETH ST",30-Oct-2003,43.64672,-79.40654,2015/09/02,10538,6170
1980,"STEELES AVE W",,"SIGNAL HILL AVE","PRIVATE ACCESS",08-Oct-2003,43.75306,-79.62511,2015/05/15,16258,305
1984,"KING ST W",,"SPENCER AVE",,06-Jun-2003,43.63823,-79.4309,2015/10/07,9259,2198
1987,"DUNDAS ST E",,"ONTARIO ST",,09-Nov-2004,43.65889,-79.36857,2015/04/13,6416,2459
2006,"MCCOWAN RD","180m NORTH OF","LAWRENCE AVE E","PRIVATE ACCESS",19-Jul-2005,43.75697,-79.24562,2015/05/04,15900,156
2021,"MCCOWAN RD","120m NORTH OF","ELLESMERE RD","PRIVATE ACCESS",10-Dec-2004,43.773277574,-79.251751453,2015/04/29,20670,712
2033,"STEELES AVE E",,"REDLEA AVE","PRIVATE ACCESS",25-Aug-2005,43.824129268,-79.30504024,2015/05/30,18557,1232
2038,"STEELES AVE W","200m EAST OF","ALNESS ST","PRIVATE ACCESS",16-Mar-2005,43.78535,-79.47835,2015/05/13,22949,278
2040,"GARDINER E PARK LAWN RD RAMP",,"LEGION RD N",,22-Dec-2006,43.62518,-79.48925,2015/01/20,7957,0
2049,"PASSMORE AVE",,"SILVER STAR BLVD",,25-Apr-2006,43.81999,-79.2981,2015/05/23,8111,91
2056,"QUEEN ST E",,"ELMER AVE",,18-Aug-2005,43.6693,-79.3035,2015/06/08,9545,1951
2069,"ASHTONBEE RD",,"HAKIMI AVE","PRIVATE ACCESS",26-Oct-2010,43.73,-79.29195,2015/06/15,7898,472
2097,"DUPONT ST",,"EDWIN AVE",,11-Apr-2007,43.66491,-79.45549,2015/04/22,9816,856
2119,"KIPLING AVE",,"PENLEA AVE",,26-Sep-2007,43.74102,-79.58096,2015/05/15,12364,538
2120,"KIPLING AVE",,"HENLEY CRES",,02-Aug-2007,43.73054,-79.57583,2015/05/15,11881,363
2123,"ROYAL YORK RD","16m SOUTH OF","GOVERNMENT RD",,14-Jun-2007,43.657570269,-79.515965134,2015/06/04,12271,141
2133,"BATHURST ST",,"CARIBOU RD","DELL PARK AVE",04-Oct-2007,43.717574847,-79.429611429,2015/03/31,20431,1592
2137,"KIPLING AVE",,"HINTON RD","PRIVATE ACCESS",05-Dec-2007,43.72572,-79.5734,2015/05/15,11809,438
2139,"KIPLING AVE",,"SNARESBROOK DR","PRIVATE ACCESS",06-Dec-2007,43.72172,-79.57148,2015/05/15,12809,640
2163,"BAMBURGH CRCL",,"WINTERMUTE BLVD",,20-May-2010,43.816115,-79.322537,2015/06/01,3793,667
2179,"MORTIMER AVE",,"WOODMOUNT AVE",,18-Sep-2008,43.69198,-79.31817,2015/06/22,5772,191
2189,"ROYAL YORK RD",,"ALLANHURST DR",,19-Aug-2008,43.67931,-79.52527,2015/06/04,11434,155
2200,"PHARMACY AVE","20m SOUTH OF","ALBION AVE",,17-Sep-2009,43.69564,-79.28478,2015/06/08,4328,659
2201,"SANDHURST CRCL","235m NORTH OF","FINCH AVE E",,23-Jan-2009,43.809225078,-79.271400431,2015/06/02,2481,1772
2253,"BATHURST ST",,"NASSAU ST","PRIVATE ACCESS",25-Jan-2011,43.654296,-79.406841,2015/04/02,10334,2241
2258,"WARDEN AVE",,"LUPIN DR",,20-Nov-2010,43.7655756,-79.3022333,2015/05/05,26701,93
2275,"BATHURST ST","70m SOUTH OF","KENTON DR","PRIVATE ACCESS",16-Dec-2011,43.77748,-79.44395,2015/03/23,21210,81
2311,"GUNNS RD","150m NORTH OF","ST CLAIR AVE W","PRIVATE ACCESS",07-Feb-2014,43.673046,-79.472209,2015/04/22,4240,176
2312,"STEELES AVE W",,"ALBION RD","REGIONAL RD 50",01-Aug-2012,43.74985,-79.63929,2015/05/15,29577,19
2316,"FRONT ST W",,"PORTLAND ST",,20-Mar-2012,43.64145,-79.39882,2015/06/15,5875,1283
2332,"STEELES AVE W",,"GIHON SPRING DR","PRIVATE ACCESS",25-Feb-2013,43.759258,-79.597022,2015/05/15,18164,101
